/* ---------------------------------------------------- */
/*  Script de llenado para algunas tablas del esquema	*/
/*  de ventas multinivel natame 				        */
/* ---------------------------------------------------- */

INSERT INTO PAIS VALUES(170,'Colombia');

INSERT INTO REGION VALUES('111711', 'Bogotá',170,null,null);
INSERT INTO REGION VALUES('914050', 'Amazonas',170,null,null);
INSERT INTO REGION VALUES('250051', 'Cundinamarca',170,null,null);
INSERT INTO REGION VALUES('501041', 'Meta',170,null,null);

INSERT INTO CATEGORIA VALUES(1, 'Nutricion',19,null);
INSERT INTO CATEGORIA VALUES(2, 'Belleza',19,null);
INSERT INTO CATEGORIA VALUES(3, 'Hogar',19,null);
INSERT INTO CATEGORIA VALUES(4, 'Salud',19,null);
INSERT INTO CATEGORIA VALUES(5, 'Vitaminas',19, 1);
INSERT INTO CATEGORIA VALUES(6, 'Proteinas',19, 1);
INSERT INTO CATEGORIA VALUES(7, 'Maquillaje',19,2);
INSERT INTO CATEGORIA VALUES(8, 'Uñas',19, 2);
INSERT INTO CATEGORIA VALUES(9, 'Limpieza ',19, 4);
INSERT INTO CATEGORIA VALUES(10, 'Limpieza oral',19, 4);
INSERT INTO CATEGORIA VALUES(11, 'Aseo',19, 3);
INSERT INTO CATEGORIA VALUES(12, 'Higiene',19, 3);

INSERT INTO PRODUCTO VALUES(1, 'Omega 3',1);
INSERT INTO PRODUCTO VALUES(2, 'ComplexDual',1);
INSERT INTO PRODUCTO VALUES(3, 'BodyCay',1);
INSERT INTO PRODUCTO VALUES(4, 'Ac Plus',1);
INSERT INTO PRODUCTO VALUES(5, 'Caltrate natural',1);
INSERT INTO PRODUCTO VALUES(6, 'Cepillo de dientes',4);
INSERT INTO PRODUCTO VALUES(7, 'Jabon',4);
INSERT INTO PRODUCTO VALUES(8, 'Shampoo',4);
INSERT INTO PRODUCTO VALUES(9, 'Exfoliante',4);
INSERT INTO PRODUCTO VALUES(10, 'Crema dental',4);
INSERT INTO PRODUCTO VALUES(11, 'Labial',2);
INSERT INTO PRODUCTO VALUES(12, 'Polvos',2);
INSERT INTO PRODUCTO VALUES(13, 'Mascarilla',2);
INSERT INTO PRODUCTO VALUES(14, 'Esmalte',2);
INSERT INTO PRODUCTO VALUES(15, 'Pestañina',2);
INSERT INTO PRODUCTO VALUES(16, 'Papel higienico',3);
INSERT INTO PRODUCTO VALUES(17, 'Escoba',3);
INSERT INTO PRODUCTO VALUES(18, 'Ambientador',3);
INSERT INTO PRODUCTO VALUES(19, 'Trapero',3);
INSERT INTO PRODUCTO VALUES(20, 'Limpia vidrios',3);

INSERT INTO CLASIFICACION VALUES(1, 'Beginner', 20,1000,3);
INSERT INTO CLASIFICACION VALUES(2, 'Junior', 25,2000,3);
INSERT INTO CLASIFICACION VALUES(3, 'Senior', 30,3000,4);
INSERT INTO CLASIFICACION VALUES(4, 'Master', 35,4000,5);

INSERT INTO INVENTARIO VALUES(1, 12000, 100, 8, '111711');
INSERT INTO INVENTARIO VALUES(2, 9000, 90, 8, '914050');
INSERT INTO INVENTARIO VALUES(3, 60000, 80, 1, '111711');
INSERT INTO INVENTARIO VALUES(4, 45000, 85, 2, '914050');
INSERT INTO INVENTARIO VALUES(5, 40000, 100, 3, '914050');
INSERT INTO INVENTARIO VALUES(6, 37500, 100, 4, '914050');
INSERT INTO INVENTARIO VALUES(7, 44500, 100, 5, '914050');
INSERT INTO INVENTARIO VALUES(8, 2000, 100, 6, '914050');
INSERT INTO INVENTARIO VALUES(9, 2300, 100, 7, '914050');
INSERT INTO INVENTARIO VALUES(10, 5000, 100, 9, '914050');
INSERT INTO INVENTARIO VALUES(11, 5000, 100, 10, '914050');
INSERT INTO INVENTARIO VALUES(12, 6000, 100, 11, '914050');
INSERT INTO INVENTARIO VALUES(13, 6000, 100, 12, '914050');
INSERT INTO INVENTARIO VALUES(14, 10000, 100, 13, '914050');
INSERT INTO INVENTARIO VALUES(15, 2500, 100, 14, '111711');
INSERT INTO INVENTARIO VALUES(16, 5000, 100, 15, '111711');
INSERT INTO INVENTARIO VALUES(17, 20000, 100, 16, '111711');
INSERT INTO INVENTARIO VALUES(18, 4000, 100, 17, '111711');
INSERT INTO INVENTARIO VALUES(19, 9000, 100, 18, '111711');
INSERT INTO INVENTARIO VALUES(20, 3000, 100, 19, '111711');
INSERT INTO INVENTARIO VALUES(21, 8000, 100, 20, '111711');

INSERT INTO PERSONA VALUES('1070983623', 'C', 'Jairo', 'Romero', 'Cra. 24 #2-294', 'Madrid');
INSERT INTO REP_VENTAS VALUES('1070983623', 'C', 'jaromerot@correo.udistrital.edu.co', '3133094522', 'M', TO_DATE('12.08.2019', 'DD.MM.YYYY'), TO_DATE('08.01.1998', 'DD.MM.YYYY'), null, null, '111711');

INSERT INTO HISTORICO_CLASIFICACION VALUES(1,TO_DATE('15.02.2020', 'DD.MM.YYYY'),TO_DATE('14.03.2020', 'DD.MM.YYYY'),'1070983623', 'C',4);