/* ---------------------------------------------------- */
/*  Script de llenado para algunas tablas del esquema	*/
/*  de ventas multinivel natame 				        */
/* ---------------------------------------------------- */

INSERT INTO REGION VALUES('111711', 'Bogotá');
INSERT INTO REGION VALUES('914050', 'Amazonas');
INSERT INTO REGION VALUES('250051', 'Cundinamarca')
INSERT INTO REGION VALUES('501041', 'Meta');

INSERT INTO CATEGORIA VALUES(1, 'Nutricion',19);
INSERT INTO CATEGORIA VALUES(2, 'Belleza',19);
INSERT INTO CATEGORIA VALUES(3, 'Hogar',19);
INSERT INTO CATEGORIA VALUES(4, 'Salud',19);

INSERT INTO SUBCATEGORIA VALUES(1, 'Vitaminas', 1);
INSERT INTO SUBCATEGORIA VALUES(2, 'Proteinas', 1);
INSERT INTO SUBCATEGORIA VALUES(3, 'Maquillaje', 2);
INSERT INTO SUBCATEGORIA VALUES(4, 'Uñas', 2);
INSERT INTO SUBCATEGORIA VALUES(5, 'Limpieza ', 4);
INSERT INTO SUBCATEGORIA VALUES(6, 'Limpieza oral', 4);
INSERT INTO SUBCATEGORIA VALUES(7, 'Aseo', 3);
INSERT INTO SUBCATEGORIA VALUES(8, 'Higiene', 3);

INSERT INTO PRODUCTO VALUES(1, 'Omega 3');
INSERT INTO PRODUCTO VALUES(2, 'ComplexDual');
INSERT INTO PRODUCTO VALUES(3, 'BodyCay');
INSERT INTO PRODUCTO VALUES(4, 'Ac Plus');
INSERT INTO PRODUCTO VALUES(5, 'Caltrate natural');
INSERT INTO PRODUCTO VALUES(6, 'Cepillo de dientes');
INSERT INTO PRODUCTO VALUES(7, 'Jabon');
INSERT INTO PRODUCTO VALUES(8, 'Shampoo');
INSERT INTO PRODUCTO VALUES(9, 'Exfoliante');
INSERT INTO PRODUCTO VALUES(10, 'Crema dental');
INSERT INTO PRODUCTO VALUES(11, 'Labial');
INSERT INTO PRODUCTO VALUES(12, 'Polvos');
INSERT INTO PRODUCTO VALUES(13, 'Mascarilla');
INSERT INTO PRODUCTO VALUES(14, 'Esmalte');
INSERT INTO PRODUCTO VALUES(15, 'Pestañina');
INSERT INTO PRODUCTO VALUES(16, 'Papel higienico');
INSERT INTO PRODUCTO VALUES(17, 'Escoba');
INSERT INTO PRODUCTO VALUES(18, 'Ambientador');
INSERT INTO PRODUCTO VALUES(19, 'Trapero');
INSERT INTO PRODUCTO VALUES(20, 'Limpia vidrios');

INSERT INTO PRODUCTO_SUBCATEGORIA VALUES(1, 1, 1);
INSERT INTO PRODUCTO_SUBCATEGORIA VALUES(2, 2, 2);
INSERT INTO PRODUCTO_SUBCATEGORIA VALUES(3, 3, 2);
INSERT INTO PRODUCTO_SUBCATEGORIA VALUES(4, 4, 1);
INSERT INTO PRODUCTO_SUBCATEGORIA VALUES(5, 5, 1);
INSERT INTO PRODUCTO_SUBCATEGORIA VALUES(6, 6, 6);
INSERT INTO PRODUCTO_SUBCATEGORIA VALUES(7, 7, 5);
INSERT INTO PRODUCTO_SUBCATEGORIA VALUES(8, 8, 5);
INSERT INTO PRODUCTO_SUBCATEGORIA VALUES(9, 9, 5);
INSERT INTO PRODUCTO_SUBCATEGORIA VALUES(10, 10, 6);
INSERT INTO PRODUCTO_SUBCATEGORIA VALUES(11, 11, 3);
INSERT INTO PRODUCTO_SUBCATEGORIA VALUES(12, 12, 3);
INSERT INTO PRODUCTO_SUBCATEGORIA VALUES(13, 13, 3);
INSERT INTO PRODUCTO_SUBCATEGORIA VALUES(14, 14, 4);
INSERT INTO PRODUCTO_SUBCATEGORIA VALUES(15, 15, 3);
INSERT INTO PRODUCTO_SUBCATEGORIA VALUES(16, 16, 8);
INSERT INTO PRODUCTO_SUBCATEGORIA VALUES(17, 17, 7);
INSERT INTO PRODUCTO_SUBCATEGORIA VALUES(18, 18, 7);
INSERT INTO PRODUCTO_SUBCATEGORIA VALUES(19, 19, 7);
INSERT INTO PRODUCTO_SUBCATEGORIA VALUES(20, 20, 7);

INSERT INTO CLASIFICACION VALUES(1, 'Beginner', 20);
INSERT INTO CLASIFICACION VALUES(2, 'Junior', 25);
INSERT INTO CLASIFICACION VALUES(3, 'Senior', 30);
INSERT INTO CLASIFICACION VALUES(4, 'Master', 35);

INSERT INTO INVENTARIO VALUES(1, 12000, 100, 8, '111711');
INSERT INTO INVENTARIO VALUES(2, 9000, 90, 8, '914050');
INSERT INTO INVENTARIO VALUES(3, 60000, 80, 1, '111711');
INSERT INTO INVENTARIO VALUES(4, 45000, 85, 2, '914050');
INSERT INTO INVENTARIO VALUES(5, 40000, 100, 3, '914050');
INSERT INTO INVENTARIO VALUES(6, 37500, 100, 4, '914050');
INSERT INTO INVENTARIO VALUES(7, 44500, 100, 5, '914050');
INSERT INTO INVENTARIO VALUES(8, 2000, 100, 6, '914050');
INSERT INTO INVENTARIO VALUES(9, 2300, 100, 7, '914050');
INSERT INTO INVENTARIO VALUES(10, 5000, 100, 9, '914050');
INSERT INTO INVENTARIO VALUES(11, 5000, 100, 10, '914050');
INSERT INTO INVENTARIO VALUES(12, 6000, 100, 11, '914050');
INSERT INTO INVENTARIO VALUES(13, 6000, 100, 12, '914050');
INSERT INTO INVENTARIO VALUES(14, 10000, 100, 13, '914050');
INSERT INTO INVENTARIO VALUES(15, 2500, 100, 14, '111711');
INSERT INTO INVENTARIO VALUES(16, 5000, 100, 15, '111711');
INSERT INTO INVENTARIO VALUES(17, 20000, 100, 16, '111711');
INSERT INTO INVENTARIO VALUES(18, 4000, 100, 17, '111711');
INSERT INTO INVENTARIO VALUES(19, 9000, 100, 18, '111711');
INSERT INTO INVENTARIO VALUES(20, 3000, 100, 19, '111711');
INSERT INTO INVENTARIO VALUES(21, 8000, 100, 20, '111711');

INSERT INTO PERSONA VALUES('1070983623', 'C', 'Jairo', 'Romero', 'Cra. 24 #2-294', 'Madrid');
INSERT INTO REP_VENTAS VALUES('1070983623', 'C', 'jaromerot@correo.udistrital.edu.co', '3133094522', 'M', TO_DATE('12.08.2019', 'DD.MM.YYYY'), TO_DATE('08.01.1998', 'DD.MM.YYYY'), 4, null, null, '111711');
