/* ---------------------------------------------------- */
/*  Script de llenado para algunas tablas del esquema	*/
/*  de ventas multinivel natame 				        */
/* ---------------------------------------------------- */

INSERT INTO PAIS VALUES(170,'Colombia');

INSERT INTO REGION VALUES('111711', 'Bogotá',170,null,null);
INSERT INTO REGION VALUES('914050', 'Amazonas',170,null,null);
INSERT INTO REGION VALUES('250051', 'Cundinamarca',170,null,null);
INSERT INTO REGION VALUES('501041', 'Meta',170,null,null);

INSERT INTO CATEGORIA VALUES(1, 'Nutricion',19,null);
INSERT INTO CATEGORIA VALUES(2, 'Belleza',19,null);
INSERT INTO CATEGORIA VALUES(3, 'Hogar',19,null);
INSERT INTO CATEGORIA VALUES(4, 'Salud',19,null);
INSERT INTO CATEGORIA VALUES(5, 'Vitaminas',19, 1);
INSERT INTO CATEGORIA VALUES(6, 'Proteinas',19, 1);
INSERT INTO CATEGORIA VALUES(7, 'Maquillaje',19,2);
INSERT INTO CATEGORIA VALUES(8, 'Uñas',19, 2);
INSERT INTO CATEGORIA VALUES(9, 'Limpieza ',19, 4);
INSERT INTO CATEGORIA VALUES(10, 'Limpieza oral',19, 4);
INSERT INTO CATEGORIA VALUES(11, 'Aseo',19, 3);
INSERT INTO CATEGORIA VALUES(12, 'Higiene',19, 3);

INSERT INTO PRODUCTO VALUES(1, 'Omega 3',1);
INSERT INTO PRODUCTO VALUES(2, 'ComplexDual',1);
INSERT INTO PRODUCTO VALUES(3, 'BodyCay',1);
INSERT INTO PRODUCTO VALUES(4, 'Ac Plus',1);
INSERT INTO PRODUCTO VALUES(5, 'Caltrate natural',1);
INSERT INTO PRODUCTO VALUES(6, 'Cepillo de dientes',4);
INSERT INTO PRODUCTO VALUES(7, 'Jabon',4);
INSERT INTO PRODUCTO VALUES(8, 'Shampoo',4);
INSERT INTO PRODUCTO VALUES(9, 'Exfoliante',4);
INSERT INTO PRODUCTO VALUES(10, 'Crema dental',4);
INSERT INTO PRODUCTO VALUES(11, 'Labial',2);
INSERT INTO PRODUCTO VALUES(12, 'Polvos',2);
INSERT INTO PRODUCTO VALUES(13, 'Mascarilla',2);
INSERT INTO PRODUCTO VALUES(14, 'Esmalte',2);
INSERT INTO PRODUCTO VALUES(15, 'Pestañina',2);
INSERT INTO PRODUCTO VALUES(16, 'Papel higienico',3);
INSERT INTO PRODUCTO VALUES(17, 'Escoba',3);
INSERT INTO PRODUCTO VALUES(18, 'Ambientador',3);
INSERT INTO PRODUCTO VALUES(19, 'Trapero',3);
INSERT INTO PRODUCTO VALUES(20, 'Limpia vidrios',3);

INSERT INTO CLASIFICACION VALUES(1, 'Beginner', 20,100000,3);
INSERT INTO CLASIFICACION VALUES(2, 'Junior', 25,200000,3);
INSERT INTO CLASIFICACION VALUES(3, 'Senior', 30,500000,4);
INSERT INTO CLASIFICACION VALUES(4, 'Master', 35,1000000,5);

INSERT INTO INVENTARIO VALUES(1, 12000, 1000, 8, '111711');
INSERT INTO INVENTARIO VALUES(2, 9000, 900, 8, '914050');
INSERT INTO INVENTARIO VALUES(3, 60000, 800, 1, '111711');
INSERT INTO INVENTARIO VALUES(4, 45000, 850, 2, '914050');
INSERT INTO INVENTARIO VALUES(5, 40000, 1000, 3, '914050');
INSERT INTO INVENTARIO VALUES(6, 37500, 1000, 4, '914050');
INSERT INTO INVENTARIO VALUES(7, 44500, 1000, 5, '914050');
INSERT INTO INVENTARIO VALUES(8, 2000, 1000, 6, '914050');
INSERT INTO INVENTARIO VALUES(9, 2300, 1000, 7, '914050');
INSERT INTO INVENTARIO VALUES(10, 5000, 1000, 9, '914050');
INSERT INTO INVENTARIO VALUES(11, 5000, 1000, 10, '914050');
INSERT INTO INVENTARIO VALUES(12, 6000, 1000, 11, '914050');
INSERT INTO INVENTARIO VALUES(13, 6000, 1000, 12, '914050');
INSERT INTO INVENTARIO VALUES(14, 10000, 1000, 13, '914050');
INSERT INTO INVENTARIO VALUES(15, 2500, 1000, 14, '111711');
INSERT INTO INVENTARIO VALUES(16, 5000, 1000, 15, '111711');
INSERT INTO INVENTARIO VALUES(17, 20000, 1000, 16, '111711');
INSERT INTO INVENTARIO VALUES(18, 4000, 1000, 17, '111711');
INSERT INTO INVENTARIO VALUES(19, 9000, 1000, 18, '111711');
INSERT INTO INVENTARIO VALUES(20, 3000, 1000, 19, '111711');
INSERT INTO INVENTARIO VALUES(21, 8000, 1000, 20, '111711');

INSERT INTO PERSONA VALUES('1070983623', 'C', 'Jairo', 'Romero', 'Cra. 24 #2-294', 'Madrid');
INSERT INTO REP_VENTAS VALUES('1070983623', 'C', 'jaromerot@correo.udistrital.edu.co', '3133094522', 'M', TO_DATE('12.08.2019', 'DD.MM.YYYY'), TO_DATE('08.01.1998', 'DD.MM.YYYY'), null, null, '111711');

INSERT INTO PERSONA VALUES('1022397490', 'C', 'Nestor', 'Sanchez', 'Cra. 57A #5A-03', 'Bogota');
INSERT INTO REP_VENTAS VALUES('1022397490', 'C', 'ndsanchezc@correo.udistrital.edu.co', '3203146789', 'M', TO_DATE('17.08.2019', 'DD.MM.YYYY'), TO_DATE('13.10.1994', 'DD.MM.YYYY'), 1070983623, 'C', '111711');

INSERT INTO PERSONA VALUES('1020454678', 'C', 'Gabriela', 'Ladino', 'Cra. 89A #72A-15', 'Bogota');
INSERT INTO REP_VENTAS VALUES('1020454678', 'C', 'glladinov@correo.udistrital.edu.co', '3145412889', 'F', TO_DATE('19.08.2019', 'DD.MM.YYYY'), TO_DATE('05.11.1998', 'DD.MM.YYYY'), 1070983623, 'C', '111711');

INSERT INTO PERSONA VALUES('1018976784', 'C', 'Juan', 'Avila', 'Cra. 46 #26-47', 'Soacha');
INSERT INTO REP_VENTAS VALUES('1018976784', 'C', 'jdavilag@correo.udistrital.edu.co', '3008923689', 'M', TO_DATE('21.08.2019', 'DD.MM.YYYY'), TO_DATE('10.02.1997', 'DD.MM.YYYY'), 1070983623, 'C', '111711');

INSERT INTO PERSONA VALUES('1054657852', 'C', 'Laura', 'Gomez', 'Cl 80 #74-23', 'Bogota');
INSERT INTO CLIENTE VALUES('1054657852', 'C', '3201234678', 'ldgomezt@correo.udistrital.edu.co', 1022397490, 'C');

INSERT INTO PERSONA VALUES('1076874312', 'C', 'Micol', 'Colman', 'Cl 23 #12-23', 'Chia');
INSERT INTO CLIENTE VALUES('1076874312', 'C', '3204523123', 'macolmanr@correo.udistrital.edu.co', 1022397490, 'C');

INSERT INTO PERSONA VALUES('1024765423', 'C', 'Camilo', 'Rodriguez', 'Cra 80 #74-23', 'Bogota');
INSERT INTO CLIENTE VALUES('1024765423', 'C', '3204721231', 'cjrodriguezt@correo.udistrital.edu.co', 1020454678, 'C');

INSERT INTO PERSONA VALUES('1014234875', 'C', 'Sandra', 'Balanta', 'Cl 24 #74-23', 'Bogota');
INSERT INTO CLIENTE VALUES('1014234875', 'C', '3169873212', 'smbalantah@correo.udistrital.edu.co', 1018976784, 'C');

INSERT INTO PEDIDO VALUES(PEDIDO_SEQ.NEXTVAL, 'P', TO_DATE('01.03.2020', 'DD.MM.YYYY'), '1054657852', 'C');
INSERT INTO DETALLE_PEDIDO VALUES(DETALLE_SEQ.NEXTVAL, 10, PEDIDO_SEQ.CURRVAL, 16);
INSERT INTO DETALLE_PEDIDO VALUES(DETALLE_SEQ.NEXTVAL, 12, PEDIDO_SEQ.CURRVAL, 19);
INSERT INTO DETALLE_PEDIDO VALUES(DETALLE_SEQ.NEXTVAL, 7, PEDIDO_SEQ.CURRVAL, 20);

INSERT INTO PEDIDO VALUES(PEDIDO_SEQ.NEXTVAL, 'N', TO_DATE('04.03.2020', 'DD.MM.YYYY'), '1054657852', 'C');
INSERT INTO DETALLE_PEDIDO VALUES(DETALLE_SEQ.NEXTVAL, 8, PEDIDO_SEQ.CURRVAL, 3);
INSERT INTO DETALLE_PEDIDO VALUES(DETALLE_SEQ.NEXTVAL, 9, PEDIDO_SEQ.CURRVAL, 5);
INSERT INTO DETALLE_PEDIDO VALUES(DETALLE_SEQ.NEXTVAL, 12, PEDIDO_SEQ.CURRVAL, 7);

INSERT INTO PEDIDO VALUES(PEDIDO_SEQ.NEXTVAL, 'P', TO_DATE('03.03.2019', 'DD.MM.YYYY'), '1076874312', 'C');
INSERT INTO DETALLE_PEDIDO VALUES(DETALLE_SEQ.NEXTVAL, 9, PEDIDO_SEQ.CURRVAL, 4);
INSERT INTO DETALLE_PEDIDO VALUES(DETALLE_SEQ.NEXTVAL, 10, PEDIDO_SEQ.CURRVAL, 6);
INSERT INTO DETALLE_PEDIDO VALUES(DETALLE_SEQ.NEXTVAL, 12, PEDIDO_SEQ.CURRVAL, 9);

INSERT INTO PEDIDO VALUES(PEDIDO_SEQ.NEXTVAL, 'P', TO_DATE('05.03.2019', 'DD.MM.YYYY'), '1024765423', 'C');
INSERT INTO DETALLE_PEDIDO VALUES(DETALLE_SEQ.NEXTVAL, 10, PEDIDO_SEQ.CURRVAL, 3);
INSERT INTO DETALLE_PEDIDO VALUES(DETALLE_SEQ.NEXTVAL, 11, PEDIDO_SEQ.CURRVAL, 5);
INSERT INTO DETALLE_PEDIDO VALUES(DETALLE_SEQ.NEXTVAL, 20, PEDIDO_SEQ.CURRVAL, 7);

INSERT INTO PEDIDO VALUES(PEDIDO_SEQ.NEXTVAL, 'P', TO_DATE('07.03.2019', 'DD.MM.YYYY'), '1076874312', 'C');
INSERT INTO DETALLE_PEDIDO VALUES(DETALLE_SEQ.NEXTVAL, 20, PEDIDO_SEQ.CURRVAL, 7);
INSERT INTO DETALLE_PEDIDO VALUES(DETALLE_SEQ.NEXTVAL, 20, PEDIDO_SEQ.CURRVAL, 6);
INSERT INTO DETALLE_PEDIDO VALUES(DETALLE_SEQ.NEXTVAL, 20, PEDIDO_SEQ.CURRVAL, 9);

INSERT INTO PEDIDO VALUES(PEDIDO_SEQ.NEXTVAL, 'N', TO_DATE('09.03.2019', 'DD.MM.YYYY'), '1024765423', 'C');
INSERT INTO DETALLE_PEDIDO VALUES(DETALLE_SEQ.NEXTVAL, 12, PEDIDO_SEQ.CURRVAL, 2);
INSERT INTO DETALLE_PEDIDO VALUES(DETALLE_SEQ.NEXTVAL, 14, PEDIDO_SEQ.CURRVAL, 4);
INSERT INTO DETALLE_PEDIDO VALUES(DETALLE_SEQ.NEXTVAL, 13, PEDIDO_SEQ.CURRVAL, 8);

INSERT INTO PEDIDO VALUES(PEDIDO_SEQ.NEXTVAL, 'N', TO_DATE('10.03.2019', 'DD.MM.YYYY'), '1076874312', 'C');
INSERT INTO DETALLE_PEDIDO VALUES(DETALLE_SEQ.NEXTVAL, 11, PEDIDO_SEQ.CURRVAL, 4);
INSERT INTO DETALLE_PEDIDO VALUES(DETALLE_SEQ.NEXTVAL, 9, PEDIDO_SEQ.CURRVAL, 5);
INSERT INTO DETALLE_PEDIDO VALUES(DETALLE_SEQ.NEXTVAL, 8, PEDIDO_SEQ.CURRVAL, 12);

INSERT INTO PEDIDO VALUES(PEDIDO_SEQ.NEXTVAL, 'P', TO_DATE('11.03.2019', 'DD.MM.YYYY'), '1014234875', 'C');
INSERT INTO DETALLE_PEDIDO VALUES(DETALLE_SEQ.NEXTVAL, 7, PEDIDO_SEQ.CURRVAL, 11);
INSERT INTO DETALLE_PEDIDO VALUES(DETALLE_SEQ.NEXTVAL, 10, PEDIDO_SEQ.CURRVAL, 14);
INSERT INTO DETALLE_PEDIDO VALUES(DETALLE_SEQ.NEXTVAL, 11, PEDIDO_SEQ.CURRVAL, 15);

INSERT INTO HISTORICO_CLASIFICACION VALUES(1,TO_DATE('15.02.2020', 'DD.MM.YYYY'),TO_DATE('14.03.2020', 'DD.MM.YYYY'),'1070983623', 'C',4);
INSERT INTO HISTORICO_CLASIFICACION VALUES(2,TO_DATE('15.02.2020', 'DD.MM.YYYY'),TO_DATE('14.03.2020', 'DD.MM.YYYY'),'1022397490', 'C',1);
INSERT INTO HISTORICO_CLASIFICACION VALUES(3,TO_DATE('15.02.2020', 'DD.MM.YYYY'),TO_DATE('14.03.2020', 'DD.MM.YYYY'),'1020454678', 'C',1);
INSERT INTO HISTORICO_CLASIFICACION VALUES(4,TO_DATE('15.02.2020', 'DD.MM.YYYY'),TO_DATE('14.03.2020', 'DD.MM.YYYY'),'1018976784', 'C',1);
